[{"Id":3,"MatchId":1,"Name":"giannis over 2.5 steals","Odd":3.5,"Status":"open"},{"Id":5,"MatchId":1,"Name":"away win","Odd":1.6,"Status":"open"},{"Id":6,"MatchId":0,"Name":"goalscorer vini jr","Odd":3.0,"Status":"won"},{"Id":7,"MatchId":2,"Name":"yellow card chebake","Odd":4.5,"Status":"won"},{"Id":1,"MatchId":2,"Name":"over 6.5 corners","Odd":1.7,"Status":"lost"},{"Id":9,"MatchId":2,"Name":"testbet","Odd":9.0,"Status":"won"},{"Id":2,"MatchId":3,"Name":"over 5.5 assists sloukas","Odd":2.4,"Status":"won"},{"Id":4,"MatchId":3,"Name":"home win","Odd":1.8,"Status":"lost"},{"Id":8,"MatchId":0,"Name":"over  2.5","Odd":1.7,"Status":"won"}]