[{"Id":1,"Name":"ano - omo","MatchType":0,"Date":"2023-01-01T00:00:00","FinishMatch":false},{"Id":2,"Name":"ano - omo","MatchType":0,"Date":"2023-01-02T00:00:00","FinishMatch":false},{"Id":3,"Name":"ano - omo","MatchType":0,"Date":"2023-01-03T00:00:00","FinishMatch":false},{"Id":4,"Name":"ano - omo","MatchType":0,"Date":"2023-01-04T00:00:00","FinishMatch":false},{"Id":5,"Name":"ano - omo","MatchType":0,"Date":"2023-01-05T00:00:00","FinishMatch":false},{"Id":6,"Name":"ano - omo","MatchType":0,"Date":"2023-01-06T00:00:00","FinishMatch":false},{"Id":7,"Name":"ano - omo","MatchType":0,"Date":"2023-01-07T00:00:00","FinishMatch":false},{"Id":8,"Name":"ano - omo","MatchType":0,"Date":"2023-01-08T00:00:00","FinishMatch":false},{"Id":9,"Name":"ano - omo","MatchType":0,"Date":"2023-01-09T00:00:00","FinishMatch":false},{"Id":10,"Name":"ano - omo","MatchType":0,"Date":"2023-01-10T00:00:00","FinishMatch":false}]