[{"Id":3,"MatchId":1,"Name":"giannis over 2.5 steals","Odd":3.5,"Status":"open"},{"Id":5,"MatchId":1,"Name":"away win","Odd":1.6,"Status":"open"},{"Id":6,"MatchId":0,"Name":"goalscorer vini jr","Odd":3.0,"Status":"won"},{"Id":7,"MatchId":2,"Name":"yellow card chebake","Odd":4.5,"Status":"won"},{"Id":1,"MatchId":2,"Name":"over 6.5 corners","Odd":1.7,"Status":"lost"},{"Id":9,"MatchId":2,"Name":"testbet","Odd":9.0,"Status":"won"},{"Id":2,"MatchId":3,"Name":"over 5.5 assists sloukas","Odd":2.4,"Status":"won"},{"Id":4,"MatchId":3,"Name":"home win","Odd":1.8,"Status":"lost"},{"Id":8,"MatchId":0,"Name":"over  2.5","Odd":1.7,"Status":"won"},{"Id":1,"MatchId":1,"Name":"Spec1","Odd":2.5,"Status":"Win"},{"Id":1,"MatchId":1,"Name":"Spec1","Odd":2.5,"Status":"Win"},{"Id":1,"MatchId":1,"Name":"Spec1","Odd":2.5,"Status":"Win"},{"Id":1,"MatchId":1,"Name":"Spec1","Odd":2.5,"Status":"Win"},{"Id":1,"MatchId":1,"Name":"Spec1","Odd":2.5,"Status":"Win"},{"Id":1,"MatchId":1,"Name":"Spec1","Odd":2.5,"Status":"Win"},{"Id":1,"MatchId":1,"Name":"Spec1","Odd":2.5,"Status":"Win"},{"Id":1,"MatchId":1,"Name":"Spec1","Odd":2.5,"Status":"Win"},{"Id":1,"MatchId":1,"Name":"Spec1","Odd":2.5,"Status":"Win"},{"Id":1,"MatchId":1,"Name":"Spec1","Odd":2.5,"Status":"Win"},{"Id":2,"MatchId":2,"Name":"Spec2","Odd":1.8,"Status":"Loss"},{"Id":2,"MatchId":2,"Name":"Spec2","Odd":1.8,"Status":"Loss"},{"Id":2,"MatchId":2,"Name":"Spec2","Odd":1.8,"Status":"Loss"},{"Id":2,"MatchId":2,"Name":"Spec2","Odd":1.8,"Status":"Loss"},{"Id":2,"MatchId":2,"Name":"Spec2","Odd":1.8,"Status":"Loss"},{"Id":2,"MatchId":2,"Name":"Spec2","Odd":1.8,"Status":"Loss"},{"Id":2,"MatchId":2,"Name":"Spec2","Odd":1.8,"Status":"Loss"},{"Id":2,"MatchId":2,"Name":"Spec2","Odd":1.8,"Status":"Loss"},{"Id":2,"MatchId":2,"Name":"Spec2","Odd":1.8,"Status":"Loss"},{"Id":2,"MatchId":2,"Name":"Spec2","Odd":1.8,"Status":"Loss"},{"Id":3,"MatchId":3,"Name":"Spec3","Odd":3.0,"Status":"Pending"},{"Id":3,"MatchId":3,"Name":"Spec3","Odd":3.0,"Status":"Pending"},{"Id":3,"MatchId":3,"Name":"Spec3","Odd":3.0,"Status":"Pending"},{"Id":3,"MatchId":3,"Name":"Spec3","Odd":3.0,"Status":"Pending"},{"Id":3,"MatchId":3,"Name":"Spec3","Odd":3.0,"Status":"Pending"},{"Id":3,"MatchId":3,"Name":"Spec3","Odd":3.0,"Status":"Pending"},{"Id":3,"MatchId":3,"Name":"Spec3","Odd":3.0,"Status":"Pending"},{"Id":3,"MatchId":3,"Name":"Spec3","Odd":3.0,"Status":"Pending"},{"Id":3,"MatchId":3,"Name":"Spec3","Odd":3.0,"Status":"Pending"},{"Id":3,"MatchId":3,"Name":"Spec3","Odd":3.0,"Status":"Pending"},{"Id":4,"MatchId":4,"Name":"Spec4","Odd":2.2,"Status":"Win"},{"Id":4,"MatchId":4,"Name":"Spec4","Odd":2.2,"Status":"Win"},{"Id":4,"MatchId":4,"Name":"Spec4","Odd":2.2,"Status":"Win"},{"Id":4,"MatchId":4,"Name":"Spec4","Odd":2.2,"Status":"Win"},{"Id":4,"MatchId":4,"Name":"Spec4","Odd":2.2,"Status":"Win"},{"Id":4,"MatchId":4,"Name":"Spec4","Odd":2.2,"Status":"Win"},{"Id":4,"MatchId":4,"Name":"Spec4","Odd":2.2,"Status":"Win"},{"Id":4,"MatchId":4,"Name":"Spec4","Odd":2.2,"Status":"Win"},{"Id":4,"MatchId":4,"Name":"Spec4","Odd":2.2,"Status":"Win"},{"Id":4,"MatchId":4,"Name":"Spec4","Odd":2.2,"Status":"Win"},{"Id":5,"MatchId":5,"Name":"Spec5","Odd":1.5,"Status":"Loss"},{"Id":5,"MatchId":5,"Name":"Spec5","Odd":1.5,"Status":"Loss"},{"Id":5,"MatchId":5,"Name":"Spec5","Odd":1.5,"Status":"Loss"},{"Id":5,"MatchId":5,"Name":"Spec5","Odd":1.5,"Status":"Loss"},{"Id":5,"MatchId":5,"Name":"Spec5","Odd":1.5,"Status":"Loss"},{"Id":5,"MatchId":5,"Name":"Spec5","Odd":1.5,"Status":"Loss"},{"Id":5,"MatchId":5,"Name":"Spec5","Odd":1.5,"Status":"Loss"},{"Id":5,"MatchId":5,"Name":"Spec5","Odd":1.5,"Status":"Loss"},{"Id":5,"MatchId":5,"Name":"Spec5","Odd":1.5,"Status":"Loss"},{"Id":5,"MatchId":5,"Name":"Spec5","Odd":1.5,"Status":"Loss"},{"Id":6,"MatchId":6,"Name":"Spec6","Odd":2.8,"Status":"Win"},{"Id":6,"MatchId":6,"Name":"Spec6","Odd":2.8,"Status":"Win"},{"Id":6,"MatchId":6,"Name":"Spec6","Odd":2.8,"Status":"Win"},{"Id":6,"MatchId":6,"Name":"Spec6","Odd":2.8,"Status":"Win"},{"Id":6,"MatchId":6,"Name":"Spec6","Odd":2.8,"Status":"Win"},{"Id":6,"MatchId":6,"Name":"Spec6","Odd":2.8,"Status":"Win"},{"Id":6,"MatchId":6,"Name":"Spec6","Odd":2.8,"Status":"Win"},{"Id":6,"MatchId":6,"Name":"Spec6","Odd":2.8,"Status":"Win"},{"Id":6,"MatchId":6,"Name":"Spec6","Odd":2.8,"Status":"Win"},{"Id":6,"MatchId":6,"Name":"Spec6","Odd":2.8,"Status":"Win"},{"Id":7,"MatchId":7,"Name":"Spec7","Odd":1.9,"Status":"Loss"},{"Id":7,"MatchId":7,"Name":"Spec7","Odd":1.9,"Status":"Loss"},{"Id":7,"MatchId":7,"Name":"Spec7","Odd":1.9,"Status":"Loss"},{"Id":7,"MatchId":7,"Name":"Spec7","Odd":1.9,"Status":"Loss"},{"Id":7,"MatchId":7,"Name":"Spec7","Odd":1.9,"Status":"Loss"},{"Id":7,"MatchId":7,"Name":"Spec7","Odd":1.9,"Status":"Loss"},{"Id":7,"MatchId":7,"Name":"Spec7","Odd":1.9,"Status":"Loss"},{"Id":7,"MatchId":7,"Name":"Spec7","Odd":1.9,"Status":"Loss"},{"Id":7,"MatchId":7,"Name":"Spec7","Odd":1.9,"Status":"Loss"},{"Id":7,"MatchId":7,"Name":"Spec7","Odd":1.9,"Status":"Loss"},{"Id":8,"MatchId":8,"Name":"Spec8","Odd":2.1,"Status":"Win"},{"Id":8,"MatchId":8,"Name":"Spec8","Odd":2.1,"Status":"Win"},{"Id":8,"MatchId":8,"Name":"Spec8","Odd":2.1,"Status":"Win"},{"Id":8,"MatchId":8,"Name":"Spec8","Odd":2.1,"Status":"Win"},{"Id":8,"MatchId":8,"Name":"Spec8","Odd":2.1,"Status":"Win"},{"Id":8,"MatchId":8,"Name":"Spec8","Odd":2.1,"Status":"Win"},{"Id":8,"MatchId":8,"Name":"Spec8","Odd":2.1,"Status":"Win"},{"Id":8,"MatchId":8,"Name":"Spec8","Odd":2.1,"Status":"Win"},{"Id":8,"MatchId":8,"Name":"Spec8","Odd":2.1,"Status":"Win"},{"Id":8,"MatchId":8,"Name":"Spec8","Odd":2.1,"Status":"Win"},{"Id":9,"MatchId":9,"Name":"Spec9","Odd":1.7,"Status":"Loss"},{"Id":9,"MatchId":9,"Name":"Spec9","Odd":1.7,"Status":"Loss"},{"Id":9,"MatchId":9,"Name":"Spec9","Odd":1.7,"Status":"Loss"},{"Id":9,"MatchId":9,"Name":"Spec9","Odd":1.7,"Status":"Loss"},{"Id":9,"MatchId":9,"Name":"Spec9","Odd":1.7,"Status":"Loss"},{"Id":9,"MatchId":9,"Name":"Spec9","Odd":1.7,"Status":"Loss"},{"Id":9,"MatchId":9,"Name":"Spec9","Odd":1.7,"Status":"Loss"},{"Id":9,"MatchId":9,"Name":"Spec9","Odd":1.7,"Status":"Loss"},{"Id":9,"MatchId":9,"Name":"Spec9","Odd":1.7,"Status":"Loss"},{"Id":9,"MatchId":9,"Name":"Spec9","Odd":1.7,"Status":"Loss"},{"Id":10,"MatchId":10,"Name":"Spec10","Odd":2.4,"Status":"Pending"},{"Id":10,"MatchId":10,"Name":"Spec10","Odd":2.4,"Status":"Pending"},{"Id":10,"MatchId":10,"Name":"Spec10","Odd":2.4,"Status":"Pending"},{"Id":10,"MatchId":10,"Name":"Spec10","Odd":2.4,"Status":"Pending"},{"Id":10,"MatchId":10,"Name":"Spec10","Odd":2.4,"Status":"Pending"},{"Id":10,"MatchId":10,"Name":"Spec10","Odd":2.4,"Status":"Pending"},{"Id":10,"MatchId":10,"Name":"Spec10","Odd":2.4,"Status":"Pending"},{"Id":10,"MatchId":10,"Name":"Spec10","Odd":2.4,"Status":"Pending"},{"Id":10,"MatchId":10,"Name":"Spec10","Odd":2.4,"Status":"Pending"},{"Id":10,"MatchId":10,"Name":"Spec10","Odd":2.4,"Status":"Pending"},{"Id":1,"MatchId":1,"Name":"Spec1","Odd":2.5,"Status":"Win"},{"Id":1,"MatchId":1,"Name":"Spec1","Odd":2.5,"Status":"Win"},{"Id":1,"MatchId":1,"Name":"Spec1","Odd":2.5,"Status":"Win"},{"Id":1,"MatchId":1,"Name":"Spec1","Odd":2.5,"Status":"Win"},{"Id":1,"MatchId":1,"Name":"Spec1","Odd":2.5,"Status":"Win"},{"Id":1,"MatchId":1,"Name":"Spec1","Odd":2.5,"Status":"Win"},{"Id":1,"MatchId":1,"Name":"Spec1","Odd":2.5,"Status":"Win"},{"Id":1,"MatchId":1,"Name":"Spec1","Odd":2.5,"Status":"Win"},{"Id":1,"MatchId":1,"Name":"Spec1","Odd":2.5,"Status":"Win"},{"Id":1,"MatchId":1,"Name":"Spec1","Odd":2.5,"Status":"Win"},{"Id":1,"MatchId":1,"Name":"Spec1","Odd":2.5,"Status":"Win"},{"Id":1,"MatchId":1,"Name":"Spec1","Odd":2.5,"Status":"Win"},{"Id":2,"MatchId":2,"Name":"Spec2","Odd":1.8,"Status":"Loss"},{"Id":2,"MatchId":2,"Name":"Spec2","Odd":1.8,"Status":"Loss"},{"Id":2,"MatchId":2,"Name":"Spec2","Odd":1.8,"Status":"Loss"},{"Id":2,"MatchId":2,"Name":"Spec2","Odd":1.8,"Status":"Loss"},{"Id":2,"MatchId":2,"Name":"Spec2","Odd":1.8,"Status":"Loss"},{"Id":2,"MatchId":2,"Name":"Spec2","Odd":1.8,"Status":"Loss"},{"Id":2,"MatchId":2,"Name":"Spec2","Odd":1.8,"Status":"Loss"},{"Id":2,"MatchId":2,"Name":"Spec2","Odd":1.8,"Status":"Loss"},{"Id":2,"MatchId":2,"Name":"Spec2","Odd":1.8,"Status":"Loss"},{"Id":2,"MatchId":2,"Name":"Spec2","Odd":1.8,"Status":"Loss"},{"Id":3,"MatchId":3,"Name":"Spec3","Odd":3.0,"Status":"Pending"},{"Id":3,"MatchId":3,"Name":"Spec3","Odd":3.0,"Status":"Pending"},{"Id":3,"MatchId":3,"Name":"Spec3","Odd":3.0,"Status":"Pending"},{"Id":3,"MatchId":3,"Name":"Spec3","Odd":3.0,"Status":"Pending"},{"Id":3,"MatchId":3,"Name":"Spec3","Odd":3.0,"Status":"Pending"},{"Id":3,"MatchId":3,"Name":"Spec3","Odd":3.0,"Status":"Pending"},{"Id":3,"MatchId":3,"Name":"Spec3","Odd":3.0,"Status":"Pending"},{"Id":3,"MatchId":3,"Name":"Spec3","Odd":3.0,"Status":"Pending"},{"Id":3,"MatchId":3,"Name":"Spec3","Odd":3.0,"Status":"Pending"},{"Id":3,"MatchId":3,"Name":"Spec3","Odd":3.0,"Status":"Pending"},{"Id":4,"MatchId":4,"Name":"Spec4","Odd":2.2,"Status":"Win"},{"Id":4,"MatchId":4,"Name":"Spec4","Odd":2.2,"Status":"Win"},{"Id":4,"MatchId":4,"Name":"Spec4","Odd":2.2,"Status":"Win"},{"Id":4,"MatchId":4,"Name":"Spec4","Odd":2.2,"Status":"Win"},{"Id":4,"MatchId":4,"Name":"Spec4","Odd":2.2,"Status":"Win"},{"Id":4,"MatchId":4,"Name":"Spec4","Odd":2.2,"Status":"Win"},{"Id":4,"MatchId":4,"Name":"Spec4","Odd":2.2,"Status":"Win"},{"Id":4,"MatchId":4,"Name":"Spec4","Odd":2.2,"Status":"Win"},{"Id":4,"MatchId":4,"Name":"Spec4","Odd":2.2,"Status":"Win"},{"Id":4,"MatchId":4,"Name":"Spec4","Odd":2.2,"Status":"Win"},{"Id":5,"MatchId":5,"Name":"Spec5","Odd":1.5,"Status":"Loss"},{"Id":5,"MatchId":5,"Name":"Spec5","Odd":1.5,"Status":"Loss"},{"Id":5,"MatchId":5,"Name":"Spec5","Odd":1.5,"Status":"Loss"},{"Id":5,"MatchId":5,"Name":"Spec5","Odd":1.5,"Status":"Loss"},{"Id":5,"MatchId":5,"Name":"Spec5","Odd":1.5,"Status":"Loss"},{"Id":5,"MatchId":5,"Name":"Spec5","Odd":1.5,"Status":"Loss"},{"Id":5,"MatchId":5,"Name":"Spec5","Odd":1.5,"Status":"Loss"},{"Id":5,"MatchId":5,"Name":"Spec5","Odd":1.5,"Status":"Loss"},{"Id":5,"MatchId":5,"Name":"Spec5","Odd":1.5,"Status":"Loss"},{"Id":5,"MatchId":5,"Name":"Spec5","Odd":1.5,"Status":"Loss"},{"Id":6,"MatchId":6,"Name":"Spec6","Odd":2.8,"Status":"Win"},{"Id":6,"MatchId":6,"Name":"Spec6","Odd":2.8,"Status":"Win"},{"Id":6,"MatchId":6,"Name":"Spec6","Odd":2.8,"Status":"Win"},{"Id":6,"MatchId":6,"Name":"Spec6","Odd":2.8,"Status":"Win"},{"Id":6,"MatchId":6,"Name":"Spec6","Odd":2.8,"Status":"Win"},{"Id":6,"MatchId":6,"Name":"Spec6","Odd":2.8,"Status":"Win"},{"Id":6,"MatchId":6,"Name":"Spec6","Odd":2.8,"Status":"Win"},{"Id":6,"MatchId":6,"Name":"Spec6","Odd":2.8,"Status":"Win"},{"Id":6,"MatchId":6,"Name":"Spec6","Odd":2.8,"Status":"Win"},{"Id":6,"MatchId":6,"Name":"Spec6","Odd":2.8,"Status":"Win"},{"Id":7,"MatchId":7,"Name":"Spec7","Odd":1.9,"Status":"Loss"},{"Id":7,"MatchId":7,"Name":"Spec7","Odd":1.9,"Status":"Loss"},{"Id":7,"MatchId":7,"Name":"Spec7","Odd":1.9,"Status":"Loss"},{"Id":7,"MatchId":7,"Name":"Spec7","Odd":1.9,"Status":"Loss"},{"Id":7,"MatchId":7,"Name":"Spec7","Odd":1.9,"Status":"Loss"},{"Id":7,"MatchId":7,"Name":"Spec7","Odd":1.9,"Status":"Loss"},{"Id":7,"MatchId":7,"Name":"Spec7","Odd":1.9,"Status":"Loss"},{"Id":7,"MatchId":7,"Name":"Spec7","Odd":1.9,"Status":"Loss"},{"Id":7,"MatchId":7,"Name":"Spec7","Odd":1.9,"Status":"Loss"},{"Id":7,"MatchId":7,"Name":"Spec7","Odd":1.9,"Status":"Loss"},{"Id":8,"MatchId":8,"Name":"Spec8","Odd":2.1,"Status":"Win"},{"Id":8,"MatchId":8,"Name":"Spec8","Odd":2.1,"Status":"Win"},{"Id":8,"MatchId":8,"Name":"Spec8","Odd":2.1,"Status":"Win"},{"Id":8,"MatchId":8,"Name":"Spec8","Odd":2.1,"Status":"Win"},{"Id":8,"MatchId":8,"Name":"Spec8","Odd":2.1,"Status":"Win"},{"Id":8,"MatchId":8,"Name":"Spec8","Odd":2.1,"Status":"Win"},{"Id":8,"MatchId":8,"Name":"Spec8","Odd":2.1,"Status":"Win"},{"Id":8,"MatchId":8,"Name":"Spec8","Odd":2.1,"Status":"Win"},{"Id":8,"MatchId":8,"Name":"Spec8","Odd":2.1,"Status":"Win"},{"Id":8,"MatchId":8,"Name":"Spec8","Odd":2.1,"Status":"Win"},{"Id":9,"MatchId":9,"Name":"Spec9","Odd":1.7,"Status":"Loss"},{"Id":9,"MatchId":9,"Name":"Spec9","Odd":1.7,"Status":"Loss"},{"Id":9,"MatchId":9,"Name":"Spec9","Odd":1.7,"Status":"Loss"},{"Id":9,"MatchId":9,"Name":"Spec9","Odd":1.7,"Status":"Loss"},{"Id":9,"MatchId":9,"Name":"Spec9","Odd":1.7,"Status":"Loss"},{"Id":9,"MatchId":9,"Name":"Spec9","Odd":1.7,"Status":"Loss"},{"Id":9,"MatchId":9,"Name":"Spec9","Odd":1.7,"Status":"Loss"},{"Id":9,"MatchId":9,"Name":"Spec9","Odd":1.7,"Status":"Loss"},{"Id":9,"MatchId":9,"Name":"Spec9","Odd":1.7,"Status":"Loss"},{"Id":9,"MatchId":9,"Name":"Spec9","Odd":1.7,"Status":"Loss"},{"Id":10,"MatchId":10,"Name":"Spec10","Odd":2.4,"Status":"Pending"},{"Id":10,"MatchId":10,"Name":"Spec10","Odd":2.4,"Status":"Pending"},{"Id":10,"MatchId":10,"Name":"Spec10","Odd":2.4,"Status":"Pending"},{"Id":10,"MatchId":10,"Name":"Spec10","Odd":2.4,"Status":"Pending"},{"Id":10,"MatchId":10,"Name":"Spec10","Odd":2.4,"Status":"Pending"},{"Id":10,"MatchId":10,"Name":"Spec10","Odd":2.4,"Status":"Pending"},{"Id":10,"MatchId":10,"Name":"Spec10","Odd":2.4,"Status":"Pending"},{"Id":10,"MatchId":10,"Name":"Spec10","Odd":2.4,"Status":"Pending"},{"Id":10,"MatchId":10,"Name":"Spec10","Odd":2.4,"Status":"Pending"},{"Id":10,"MatchId":10,"Name":"Spec10","Odd":2.4,"Status":"Pending"}]